-- phpMyAdmin SQL Dump
-- version 5.2.0
-- https://www.phpmyadmin.net/
--
-- Host: 127.0.0.1
-- Generation Time: Mar 24, 2023 at 06:01 AM
-- Server version: 10.4.27-MariaDB
-- PHP Version: 8.2.0

SET SQL_MODE = "NO_AUTO_VALUE_ON_ZERO";
START TRANSACTION;
SET time_zone = "+00:00";


/*!40101 SET @OLD_CHARACTER_SET_CLIENT=@@CHARACTER_SET_CLIENT */;
/*!40101 SET @OLD_CHARACTER_SET_RESULTS=@@CHARACTER_SET_RESULTS */;
/*!40101 SET @OLD_COLLATION_CONNECTION=@@COLLATION_CONNECTION */;
/*!40101 SET NAMES utf8mb4 */;

--
-- Database: `project`
--

-- --------------------------------------------------------

--
-- Table structure for table `company_table`
--

CREATE TABLE `company_table` (
  `company_ID` int(10) UNSIGNED NOT NULL,
  `company_name` text NOT NULL,
  `company_address` text NOT NULL,
  `faculty_ID` int(11) NOT NULL,
  `ref_position` int(11) NOT NULL,
  `Sub_district` text NOT NULL,
  `district` varchar(255) NOT NULL,
  `zipcode` text DEFAULT NULL
) ENGINE=InnoDB DEFAULT CHARSET=utf8 COLLATE=utf8_general_ci;

--
-- Dumping data for table `company_table`
--

INSERT INTO `company_table` (`company_ID`, `company_name`, `company_address`, `faculty_ID`, `ref_position`, `Sub_district`, `district`, `zipcode`) VALUES
(1, 'สถาบันการอาชีวศึกษาภาคกลาง 4', '90 ถนนเทศา ตำบลพระปฐมเจดีย์ ', 1, 1, 'เมือง', 'นครปฐม ', '73000'),
(2, 'วิทยาลัยอาชีวศึกษานครปฐม (ห้องโครงการแผนกเลขานุการ)', '90 ถนนเทศา ตำบลพระปฐมเจดีย์ ', 1, 1, 'เมือง', 'นครปฐม ', '73000'),
(3, 'วิทยาลัยอาชีวศึกษานครปฐม (งานสารบรรณ)', '90 ถนนเทศา ตำบลพระปฐมเจดีย์ ', 1, 1, 'เมือง', 'นครปฐม ', '73000'),
(5, 'เทศบาลตำบลตาก้อง', '47/2 หมู่ 8 ตำบลตาก้อง ', 2, 1, 'เมือง', 'นครปฐม ', '73000'),
(6, 'สำนักงานอุตสาหกรรม', '99 หมู่ 6 ถนนศูนย์ราชการ ตำบลถนนขาด ', 2, 1, 'เมือง', 'นครปฐม ', '73000'),
(7, 'การไฟฟ้าส่วนภูมิภาคอำเภอกำแพงแสน', '236 ตำบลทุ่งกระพังโหม ', 2, 1, 'กำแพงแสน', 'นครปฐม ', '73140'),
(8, 'องค์การบริหารส่วนตำบลดอนยายหอม', '555 หมู่ 3 ตำบลดอนยายหอม ', 2, 1, 'เมือง', 'นครปฐม ', '73000'),
(9, 'บริษัท สุราเสริมทรัพย์นครปฐม', '22/22 หมู่ 2 ตำบลนครปฐม ', 2, 1, 'เมือง', 'นครปฐม ', '73000'),
(10, 'การไฟฟ้าส่วนภูมิภาคอำเภอดอนตูม', 'หมู่ 4 ตำบลสามง่าม ', 2, 1, 'ดอนตูม ', 'นครปฐม ', '73150'),
(11, 'องค์การบริหารส่วนตำบลตลาดจินดา', '123 หมู่ 9 ตำบลตลาดจินดา ', 2, 1, 'สามพราน ', 'นครปฐม ', '73110'),
(12, 'เทศบาลนครนครปฐม', '888 ถนนทหารบก ตำบลบ่อพลับ ', 2, 1, 'เมือง ', 'นครปฐม ', '73000'),
(13, 'ร้าน KFC สาขาโลตัสนครชัยศรี', '68/2 หมู่ 2 ถนนเพชรเกษม ตำบลท่าตำหนัก ', 2, 1, 'นครชัยศรี ', 'นครปฐม ', '73120'),
(14, 'โลตัส (สาขาสระกะเทียม)', '278 หมู่ 7 ตำบลสระกะเทียม ', 2, 1, 'เมือง', 'นครปฐม ', '73000'),
(15, 'สมบัติฟาร์ม', '118/1 ม.4 ตำบลวังเย็น ', 2, 1, 'เมือง', 'นครปฐม ', '73000'),
(16, 'ร้าน family ขนส่ง', '33/2 หมู่ 7 ตำบลบางเลน อำเภอ', 2, 1, 'บางเลน', 'นครปฐม ', '73130'),
(17, 'บริษัท อีซูซุตั้งเซียฮวดนครปฐม จำกัด (สาขากำแพงแสน)', '49 หมู่ 10 ตำบลวังน้ำเขียว ', 2, 1, 'กำแพงแสน ', 'นครปฐม ', '73140'),
(18, 'บริษัท อู่โรจนินทร์ จำกัด', '37/2 หมู่ 3 ตำบลพระประโทน ', 2, 1, 'เมือง ', 'นครปฐม ', '73000'),
(19, 'ที่ทำการไปรษณีย์ดอนตูม', '184 หมู่ 1 ถนนคงทอง ตำบลสามง่าม ', 2, 1, 'ดอนตูม ', 'นครปฐม ', '73150'),
(20, 'ที่ทำการไปรษณีย์เมืองนครปฐม', '14 ถนนเทศา ตำบลพระปฐมเจดีย์ ', 2, 1, 'เมือง ', 'นครปฐม ', '73000'),
(21, 'Mc Donald', '59/11 หมู่ 4 ถนนเพชรเกษม ตำบลท่าตำหนัก ', 2, 1, 'นครชัยศรี  ', 'นครปฐม ', '73120'),
(22, 'The pizza company สาขาโลตัสนครปฐม', '1048 ถนนเพชรเกษม ตำบลสนามจันทร์ ', 2, 1, 'เมือง ', 'นครปฐม ', '73000'),
(23, 'มาลัยแมนออโต้เทคนิค', '77 หมู่ 2 ถนนมาลัยแมน ตำบลวังตะกู  ', 2, 1, 'เมือง ', 'นครปฐม ', '73000'),
(24, '7 – ELEVEN สาขาถนนน้อมเกล้า (นครปฐม) ', '1630 1113/25 ตำบลลำพญา', 2, 1, 'เมือง ', 'นครปฐม ', '73000'),
(25, '7 – ELEVEN 17219 บางแขม (นครปฐม)', '1135 ถนนเพชรเกษม ', 2, 1, 'เมือง ', 'นครปฐม ', '73000'),
(26, 'บริษัท เกษมชัยฟู้ด จำกัด', '169 หมู่ 8 ตำบลบางเลน ', 2, 1, 'บางเลน ', 'นครปฐม ', '73130'),
(27, 'บจก. ไทยเบฟเวอเรจ รีไซเคิล', '54 หมู่ 2 ถนนสุขาภิบาล', 2, 1, 'นครชัยศรี ', 'นครปฐม ', '73120'),
(28, 'องค์การบริหารส่วนตำบลดอนยายหอม', '555 หมู่ 3 ตำบลดอนยายหอม', 2, 1, 'เมือง ', 'นครปฐม ', '73000'),
(29, 'สำนักงานเทศบาลตำบลโพรงมะเดื่อ', '243 หมู่ 5 ตำบลโพรงมะเดื่อ ', 2, 1, 'เมือง ', 'นครปฐม ', '73000'),
(30, 'องค์การบริหารส่วนตำบลวัดละมุด', '69/18 หมู่ 3 ตำบลวัดละมุด ', 2, 1, 'นครชัยศรี', 'นครปฐม ', '73120'),
(31, 'องค์การบริหารส่วนตำบลมหาสวัสดิ์', '99 หมู่ 2 ตำบลมหาสวัสดิ์ ', 2, 1, 'พุทธมณฑล ', 'นครปฐม ', '73170'),
(32, 'การไฟฟ้าส่วนภูมิภาคอำเภอกำแพงแสน', '236 หมู่ 1 ตำบลทุ่งกระพังโหม ', 2, 1, 'กำแพงแสน  ', 'นครปฐม ', '73140'),
(33, 'ร้านป้าย คอมพิวเตอร์ แคร์', '888 ตำบลทหารบก ตำบลบ่อพลับ', 2, 1, 'เมือง', 'นครปฐม ', '73000'),
(34, 'มหาวิทยาลัยศิลปากร วิทยาเขตพระราชวังสนามจันทร์ (แผนกงานช่างและซ่อมบำรุง)                                     ', '6 ถนนราชมรรคาใน ตำบลพระปฐมเจดีย์ ', 2, 1, 'เมือง', 'นครปฐม ', '73000'),
(35, 'ร้านสหกรณ์วิทยาลัยอาชีวศึกษานครปฐม', '90 ถนนเทศา ตำบลพระปฐมเจดีย์ ', 2, 1, 'เมือง', 'นครปฐม ', '73000'),
(36, 'ที่ทำการไปรษณีย์ลูกแก', '81/9-10 หมู่ 6 ตำบลดอนขมิ้น ', 2, 1, 'ท่ามะกา', 'กาญจนบุรี', '71121'),
(37, 'ร้าน Swensen\'s (สาขาบิ๊กซีนครปฐม)', '754 ถนนเพชรเกษม ตำบลห้วยจรเข้   ', 2, 1, 'เมือง', 'นครปฐม ', '73000'),
(38, 'เทสโก้ โลตัส สาขานครปฐม', '1048 ถนนเพชรเกษม ตำบลสนามจันทร์', 3, 1, 'เมือง', 'นครปฐม', '73000'),
(39, 'บริษัท อีโก้ แบ็ค จำกัด (สำนักงานใหญ่)', '98 หมู่ 5 ตำบลสามง่าม', 3, 1, 'ดอนตูม', 'นครปฐม', '73150'),
(40, 'บริษัท พรเจริญดี', '105 หมู่ 8 ตำบลลำเหย', 3, 1, 'ดอนตูม', 'นครปฐม', '73150'),
(41, 'บริษัท หิรัญ เอส เสวี กรุ๊ปส์ จำกัด', '50/3 หมู่ 9 ตำบลทัพหลวง', 3, 1, 'เมือง', 'นครปฐม', '73000'),
(42, 'บริษัท โชติวัฒน์ อินเตอร์เทรด แอนด์ ทรานสปอร์ต', '248 หมู่ 5 ตำบลธรรมศาลา', 3, 1, 'เมือง', 'นครปฐม', '73000'),
(43, 'บริษัท ลาวัณย์วิสุทธิ์ พลาสติกไทย จำกัด', '29/9 หมู่ 6 ตำบลกระตีบ', 3, 1, 'กำแพงแสน', 'นครปฐม', '73180'),
(44, 'บริษัท เฟรนด์เทล เอ็นจิเนียริ่ง จำกัด', '73 หมู่ 2 ตำบลถนนขาด ', 3, 1, 'เมือง', 'นครปฐม', '73000'),
(45, 'บริษัท ซุ่นชัยอินดัสตรี้ จำกัด', '35/4-5 หมู่ 3 ตำบลถนนขาด', 3, 1, 'เมือง', 'นครปฐม \r ', '73000'),
(46, 'ร้าน The Pizza Company  (สาขาโลตัสนครปฐม)', '1048 ถ. เพชรเกษม ตำบลสนามจันทร์', 3, 1, 'เมือง', 'นครปฐม', '73000'),
(47, 'บริษัท วชิรนิติ จำกัด', '59,59/1 ถนนราชวิถี ตำบลพระปฐมเจดีย์', 3, 1, 'เมือง', 'นครปฐม', '73000'),
(48, 'วิทยาลัยอาชีวศึกษานครปฐม  (ธนาคารโรงเรียน)', '90 ถนนเทศา ตำบลพระปฐมเจดีย์', 3, 1, 'เมือง ', 'นครปฐม', '73000'),
(49, 'บริษัท พี-พอร์ค จำกัด', '168/1 หมู่ 5 ตำบลบ่อพลับ', 3, 1, 'เมือง', 'นครปฐม', '73000'),
(50, 'มานะ ออร์คิด', '54/1 หมู่ 1 ถนนบรมราชชนนี ตำบลบางเตย', 3, 1, 'สามพราน', 'นครปฐม\r ', '73110'),
(51, 'บริษัท เอ็มวีฟู้ด ซัพพลาย จำกัด', '99/9 หมู่ 8 ตำบลวังน้ำเขียว', 3, 1, 'กำแพงแสน', 'นครปฐม', '73140'),
(52, 'บริษัท ทิพณัฐการบัญชี จำกัด', '159/998 หมู่ 6 ตำบลห้วยจระเข้', 3, 1, 'เมือง', 'นครปฐม', '73000'),
(53, 'ร้านวัลลภ เฮดเดอร์ เทอร์โบ', '94/1 หมู่ 3 ตำบลสามง่าม ', 3, 1, 'ดอนตูม', 'นครปฐม', '73150'),
(54, 'ศูนย์พิสูจน์หลักฐาน 7', 'ถนนขวาพระ ตำบลพระปฐมเจดีย์', 3, 1, 'เมือง', 'นครปฐม', '73000'),
(55, 'ห้างหุ้นส่วนจำกัด เคทีเอส มอเตอร์ไบค์', '172 หมู่ 7 ตำบลกระทุ่มล้ม ', 3, 1, 'สามพราน', 'นครปฐม', '73220'),
(56, 'บริษัท เอส เมคาโน จำกัด', '11/4 หมู่ 4 ตำบลวัดละมุด', 3, 1, 'นครชัยศรี\r ', 'นครปฐม', '73120'),
(57, 'บริษัท ณฐพร แอคเคาน์ติ้ง จำกัด', '4/1 หมู่ 3 ตำบลศรีษะทอง', 3, 1, 'นครชัยศรี', 'นครปฐม', '73120'),
(58, 'ตำรวจภูธรภาค 7', '109 ถนนข้างวัง ตำบลพระปฐมเจดีย์', 3, 1, 'เมือง', 'นครปฐม', '73000'),
(59, 'เซเว่นอิเลฟเว่น สาขาบางกรวยไทรน้อย ซอย 10 (16213)', '454 ถนนจรัญสนิทวงศ์ แขวงบางพลัด', 3, 1, 'เขตบางพลัด', 'กรุงเทพมหานคร', '10700'),
(60, 'องค์การบริหารส่วนตำบลถนนขาด', '59/1 หมู่ 3 ตำบลถนนขาด', 3, 1, 'เมือง', 'นครปฐม', '73000'),
(61, 'บริษัท ทรู ทัช จำกัด', '1 อาคารซีพีทาวเวอร์ 2 (ฟอร์จูน) ชั้น 12 ถ.รัชดาภิเษก แขวงดินแดง', 3, 1, 'เขตดินแดง', 'กรุงเทพมหานคร', '10400'),
(62, 'ตำรวจภูธรภาค 7', '109 ถนนข้างวัง ตำบลพระปฐมเจดีย์', 3, 1, 'เมือง', 'นครปฐม', '73000'),
(63, 'ร้าน Black Canyon  (สาขาปตท. มานะชัย)', '31/6 หมู่ 4 ตำบลท่าตำหนัก', 3, 1, 'นครชัยศรี\r ', 'นครปฐม', '73120'),
(64, 'The Pizza Company  (สาขาโลตัสนครชัยศรี)', '68/2 ตำบลท่าตำหนัก', 3, 1, 'นครชัยศรี', 'นครปฐม', '73120'),
(65, 'สำนักงานเขตทวีวัฒนา', '1 ซ.อุทยาน 5 แขวงทวีวัฒนา', 3, 1, 'เขตทวีวัฒนา', 'กรุงเทพมหานคร', '10170'),
(66, 'บริษัท ผลิตภัณฑ์อาหาร สมบูรณ์ จำกัด', '99 หมู่ 6 ตำบลห้วยขวาง', 3, 1, 'กำแพงแสน', 'นครปฐม', '73140'),
(67, 'บริษัท โทรคมนาคม แห่งชาติ จำกัด (มหาชน)', '141/101 ถนนราชวิถี ตำบลพระปฐมเจดีย์', 3, 1, 'เมือง', 'นครปฐม \r ', '73000'),
(68, 'บริษัท ไทยเจริญพลาสติก จำกัด', '88/14 หมู่ 5ตำบลบางระกำ', 3, 1, 'บางเลน', 'นครปฐม', '73130'),
(69, 'เซเว่น อิเลฟเว่น ', 'ถนน อบจ.นฐ ตำบลแหลมบัว', 3, 1, 'นครชัยศรี', 'นครปฐม', '73120'),
(70, 'เทศบาลตำบลบางเลน', '1/8 หมู่ 8 ตำบลบางเลน', 3, 1, 'บางเลน', 'นครปฐม', '73130'),
(71, 'ที่ทำการไปรษณีย์หนองปรือ', '4 หมู่ 1 ตำบลหนองปรือ ', 3, 1, 'หนองปรือ\r ', 'กาญจนบุรี', '71220'),
(72, 'วิทยาลัยอาชีวศึกษานครปฐม  (ธนาคารโรงเรียน)', '90 ถนนเทศา ตำบลพระปฐมเจดีย์', 3, 1, 'เมือง', 'นครปฐม', '73000'),
(73, 'บริษัท เมตตาภัทรวัสดุภัณฑ์ จำกัด', '7 หมู่ที่ 1 ตำบลสามควายเผือก', 3, 1, 'เมือง', 'นครปฐม', '73000'),
(74, 'เซเว่น อีเลฟเว่น สาขาเทศบาลซอย 8', '1/35-36 หมู่ 14 ถนนเพชรเกษม ตำบลไร่ขิง ', 3, 1, 'สามพราน', 'นครปฐม\r ', '73110'),
(75, 'หจก. พี เจ โซฟา กรุ๊ป 2017', '150 หมู่ 9 ตำบลห้วยพระ', 3, 1, 'ดอนตูม', 'นครปฐม', '73150'),
(76, 'บริษัท เอเซียโพลีแซคส์ จำกัด', '90/10 หมู่ 10 ตำบลไร่ขิง', 3, 1, 'สามพราน', 'นครปฐม', '73210'),
(77, 'บริษัท เบเกอร์ (ประเทศไทย) ', '271 หมู่ที่ ม.2 ตำบลสระกะเทียม', 3, 1, 'เมืองนครปฐม', 'นครปฐม', '73000'),
(78, 'ที่ทำการไปรษณีย์นครชัยศรี', '136/20 หมู่ 1 ตำบลนครชัยศรี', 3, 1, 'นครชัยศรี', 'นครปฐม', '73120'),
(79, 'ร้าน The Pizza Company  (สาขาโลตัสนครปฐม)', '1048 ถ. เพชรเกษม ตำบลสนามจันทร์', 3, 1, 'เมือง', 'นครปฐม', '73000'),
(80, 'บริษัท ทรู ทัช จำกัด	 1 อาคารซีพีทาวเวอร์ 2 (ฟอร์จูน) ', 'ชั้น 12 ถ.รัชดาภิเษก แขวงดินแดง ', 3, 1, 'เขตดินแดง ', 'กรุงเทพมหานคร', '10400'),
(81, 'ร้าน Bar B Q Plaza สาขาไอคอนสยาม', 'เลขที่ 299 ถนนเจริญนคร แขวงคลองต้นไทร', 4, 1, 'เขตคลองสาน', 'กรุงเทพมหานคร', '10600'),
(82, 'โรงแรม Boathouse Boutique Riverside', 'เลขที่ 21 ม.2 ต.บางแก้วฟ้า', 4, 1, 'นครชัยศรี', 'นครปฐม', '73120'),
(83, 'ร้านโอชิเน่ นครปฐม', 'เลขที่ 554 ถนนราชมรรคา ต.สนามจันทร์', 4, 1, 'เมือง', 'นครปฐม', '73000'),
(84, 'ร้านปั้นคำหอม สาขาบ้านโป่ง', 'เลขที่ 229-231 ถนนทรงพล', 4, 1, 'บ้านโป่ง', 'ราชบุรี', '70110'),
(85, 'Red Sun เซ็นทรัลศาลายา', 'เลขที่ 99/20 ถนนบรมราชชนนี ต.บางเตย', 4, 1, 'สามพราน', 'นครปฐม ', '73210'),
(86, 'ร้าน Red Sun เดอะมอลล์ ท่าพระ', '10 สยามสแควร์ ซอย 3 แขวงปทุมวัน', 4, 1, 'เขตปทุมวัน', 'กรุงเทพมหานคร', '10330'),
(87, 'ร้าน Red Sun 	 5/81 ถนนบรมราชชนนี', 'แขวงอรุณอมรินทร์', 4, 1, 'เขตบางกอกน้อย', 'กรุงเทพมหานคร', '10700'),
(88, 'ร้านน้ำดอกไม้ คาเฟ่', '62 ตำบลสวนส้ม', 4, 1, 'เมือง', 'สมุทรสาคร', '74120'),
(89, 'Wall  Steet ', 'ถนนจันทรคามพิทักษ์ ', 4, 1, 'ตำบลพระปฐมเจดีย์ ', 'นครปฐม\r ', '73000'),
(90, 'ร้าน Shabushi เซ็นทรัลลาดพร้าว', '406/5 ชั้น 4 ถนนพหลโยธิน แขวงจตุจักร ', 4, 1, 'เขตจตุจักร', 'กรุงเทพมหานคร', '10900'),
(91, 'The Pizza Company  สาขาบ้านโป่ง', '110 ม.5 ถนนแสงชูโต ตำบลหนองอ้อ', 4, 1, 'บ้านโป่ง', 'ราชบุรี', '70110'),
(92, 'The Pizza Company   สาขาโลตัสนครปฐม	', '1048 ถนนเพชรเกษม ตำบลสนามจันทร์', 4, 1, 'เมือง', 'นครปฐม', '73000'),
(93, 'Momo Paradise สาขาไอคอนสยาม', '299 ถนนเจริญนคร แขวงคลองต้นไทร', 4, 1, 'เขตคลองสาน', 'กรุงเทพมหานคร', '10600'),
(94, '28 ML เซ็นทรัลศาลายา', 'ถนนบรมราชชนนี ตำบลบางเตย', 4, 1, 'สามพราน', 'นครปฐม', '73000'),
(95, 'Swensen s riverside plaza           ', '257 ถ.เจริญนคร แขวงสำเหร่ ', 4, 1, 'เขตธนบุรี', 'กรุงเทพมหานคร', '10600'),
(96, 'ร้าน Bar B Q Plaza  (สาขาเซ็นทรัลปิ่นเกล้า)', '5/81 ถนนบรมราชชนนี แขวงอรุณอมรินทร์', 4, 1, 'เขตบางกอกน้อย', 'กรุงเทพมหานคร', ''),
(97, 'บริษัท ปะป๋า ปริ้นติ้ง จำกัด	', '35/10-11 ถ.นาสร้างประปา', 5, 1, 'เมือง', 'นครปฐม', '73000'),
(98, 'ร้านแสนสุข ปริ้นติ้ง', '99/4 ต.ทุ่งกระพังโหม', 5, 1, 'กำแพงแสน \r ', 'นครปฐม', '73140'),
(99, 'บริษัท ทีเอ็นซี เฮลท์ แคร์ จำกัด', '184/28 ถ.ราชวิถี ต.พระปฐมเจดีย์', 5, 1, 'เมือง', 'นครปฐม', '73000'),
(100, 'ร้านป้ายโฟมงานแต่ง', '36/14 ถ.จันทร์คามพิทักษ์ ต.สนามจันทร์', 5, 1, 'เมือง', 'นครปฐม', '73000'),
(101, 'BLCK PICH STUDIO	', '84 ถ.จันทร์คามพิทักษ์ ต.สนามจันทร์ \r\n', 5, 1, 'เมือง', 'นครปฐม', '73000'),
(102, 'ร้านโอเอซิส โฆษณา', '72/6 ม.5 ต.ศาลายา ', 5, 1, 'พุทธมณฑล \r ', 'นครปฐม', '73170'),
(103, 'ศูนย์พัฒนาทักษะวิชาชีพ  (สาขาการออกแบบ)', '90 ถ.เทศา ต.พระปฐมเจดีย์ ', 5, 1, 'เมือง', 'นครปฐม', ' 73000'),
(104, 'จูน สตูดิโอ', '444/24 ถ.เพชรเกษม ต.หนองดินแดง', 5, 1, 'เมือง', 'นครปฐม', '73000'),
(105, 'เอส พี กราฟฟิก', '191/24 ถ.25มกรา ต.พระปฐมเจดีย์', 5, 1, 'เมือง', 'นครปฐม', '73000'),
(106, 'โต โปสเตอร์', '65 ถ.ทหารบก ต.พระปฐมเจดีย์', 5, 1, 'เมือง', 'นครปฐม', '73000'),
(107, 'บริษัท มัณฑนิก จำกัด', '25/2 หมู่ที่ 3 ซ.รามอินทรา 14 ถ.รามอินทรา แขวงจรเข้บัว', 5, 1, 'เขตลาดพร้าว', 'กรุงเทพมหานคร', '10230'),
(108, 'บริษัท เมจิกอาร์ต จำกัด', '155 ถ.ทรงพล ต.สนามจันทร์', 5, 1, 'เมือง', 'นครปฐม', '73000'),
(109, 'ร้านดอกไม้ แมกไม้ นครชัยศรี', 'ร้านดอกไม้ แมกไม้ นครชัยศรี\r\n', 6, 1, 'นครชัยศรี', 'นครปฐม', '73120'),
(110, 'ร้านดอกไม้ รักฟลอริสต์', '272 ถนนทหารบก', 6, 1, 'เมือง', 'นครปฐม ', '73000'),
(111, 'โรงแรมไมด้า แกรนด์ ทวารวดี นครปฐม', '711 ถ.เพชรเกษม ตำบลสนามจันทร์', 6, 1, 'เมือง ', 'นครปฐม ', '73000'),
(112, 'วิทยาลัยอาชีวศึกษานครปฐม  (แผนกคหกรรมศาสตร์)', '90 ถนนเทศา ตำบลพระปฐมเจดีย์', 6, 1, 'เมือง ', 'นครปฐม', ' 73000'),
(113, 'วิทยาลัยอาชีวศึกษานครปฐม  (แผนกวิชาคอมพิวเตอร์กราฟิก)', '90 ถนนเทศา ตำบลพระปฐมเจดีย์', 7, 1, 'เมือง ', 'นครปฐม', '73000'),
(121, 'สถาบันการอาชีวศึกษาภาคกลาง 4', '90 ถนนเทศา ตำบลพระปฐมเจดีย์', 7, 1, 'เมือง', 'นครปฐม', '73000'),
(122, 'อาร์ตไอเดีย', '236/13 ถ.บ้านปากแรต ต.บ้านโป่ง \r\n', 7, 1, 'บ้านโป่ง', 'ราชบุรี', '70110\r\n'),
(123, 'มูลนิธิหลวงพ่อพูล 2 วัดไผ่ล้อม', '2 ตำบลพระปฐมเจดีย์ ', 7, 1, 'เมือง ', 'นครปฐม', '73000 '),
(124, 'ร้านอิงค์เปเปอร์', '200/75 ถนนพุทธมณฑลสาย 4 ตำบลศาลายา', 7, 1, 'พุทธมณฑล           ', 'นครปฐม', '73170'),
(125, 'บ้านมีรัก เว็ดดิ้งเฮ้าส์', '300 ถนนเทศา ตำบลพระปฐมเจดีย์', 7, 1, 'เมือง ', 'นครปฐม', '73000'),
(126, 'ร้าน ตือ เรขศิลป์', '66-68 ถ.ทิพากร ต.พระปฐมเจดีย์ ', 7, 1, 'เมือง', 'นครปฐม', '73000'),
(127, 'วิทยาลัยอาชีวศึกษานครปฐม  (งานสื่อการเรียนการสอน)', '90 ถนนเทศา ตำบลพระปฐมเจดีย์', 7, 1, 'เมือง', 'นครปฐม', '73000'),
(128, 'ร้าน 56 ดีไซน์', '131/1 ตำบลธรรมศาลา', 7, 1, 'เมือง', 'นครปฐม', '73000'),
(129, 'บริษัท หน่อยพระนคร 2545 จำกัด', '123 หมู่ 6 ตำบลบางเลน', 7, 1, 'บางเลน', 'นครปฐม', '73130'),
(130, 'NPR Sticker and Printing', '5 ถนนประชาสงเคราะห์ แขวงดินแดง', 7, 1, 'ดินแดง', 'กรุงเทพมหานคร', '10400'),
(131, 'ร้านป้ายอินดี้ New Printing Dx5', '206 ริมคลองวัดพระงาม ต.พระปฐมเจดีย์', 7, 1, 'เมือง', 'นครปฐม', '73000'),
(132, 'ร้านป้ายวุฒิอาร์ต', '1 ถนนราชมรรคานอก ตำบลห้วยจรเข้', 7, 1, 'เมือง', 'นครปฐม', '73000'),
(133, 'ร้านป้ายเฟิร์นแอนด์เฟิร์ส โฆษณา', '95 หมู่ 2 ตำบลกำแพงแสน', 7, 1, 'กำแพงแสน', 'นครปฐม', '73140'),
(134, 'ร้านสกรีนนครปฐม 422 Sport Design', '624 หมู่ 3 ถนนรถไฟตะวันตก ตำบล ลำพยา', 7, 1, 'เมือง ', 'นครปฐม', '73000'),
(135, 'บริษัท ธันยรัศมิ์เจมส์ จำกัด', '128/81 หมู่ที่ 5 ตำบลลำพยา', 7, 1, 'เมือง', 'นครปฐม', ''),
(136, 'ร้านโชคดี โฆษณา', '655/2 ม.1 ตำบลกำแพงแสน', 7, 1, 'กำแพงแสน', 'นครปฐม', '73140'),
(137, 'การไฟฟ้าส่วนภูมิภาคเขต 3  (ภาคกลาง) จังหวัดนครปฐม', '9/1 หมู่ที่ 1 ตำบลไทยาวาส ', 8, 1, 'นครชัยศรี\r ', 'นครปฐม ', '73120'),
(138, 'การไฟฟ้าส่วนภูมิภาคจังหวัดนครปฐม', '242/15 ถนน 25มกรา ต.พระปฐมเจดีย์', 8, 1, 'เมือง', 'นครปฐม', '73000'),
(139, 'การไฟฟ้าส่วนภูมิภาคอำเภอสามพราน', '33/1 หมู่1 ถ.เพชรเกษม ตำบลท่าตลาด', 8, 1, 'สามพราน', 'นครปฐม', '73110'),
(140, 'ที่ว่าการอำเภอดอนตูม ', 'หมู่ที่ 1 ถนนเศรษฐวิถี ', 8, 1, 'ดอนตูม', 'นครปฐม', '73150\r\n'),
(141, 'ตำรวจภูธรจังหวัดนครปฐม', '99/99 หมู่ 6 ตำบลถนนขาด', 8, 1, 'เมือง', 'นครปฐม', '73000'),
(142, 'ที่ทำการไปรษณีย์จังหวัดนครปฐม', '14 ถนนเทศา ตำบลพระปฐมเจดีย์', 8, 1, 'เมือง', 'นครปฐม', '73000\r\n'),
(148, 'บริษัท ยูนิตี้ไอที ซิสเต็ม จำกัด', '28/61 ถนนยิงเป้า ตำบลสนามจันทร์', 8, 1, 'เมือง', 'นครปฐม', ' 73000'),
(149, 'องค์การบริหารส่วนตำบลสนามจันทร์', '63 ตำบลสนามจันทร์', 8, 1, 'เมือง', 'นครปฐม', '73000'),
(150, 'การไฟฟ้าส่วนภูมิภาคอำเภอนครชัยศรี', '9 หมู่ 1 ตำบลไทยาวาส', 8, 1, 'นครชัยศรี ', 'นครปฐม', '73120'),
(151, 'วิทยาลัยอาชีวศึกษานครปฐม  (งานทะเบียน)', '90 ถนนเทศา ตำบลพระปฐมเจดีย์', 8, 1, 'เมือง', 'นครปฐม', '73000'),
(152, 'เทศบาลตำบลธรรมศาลา', '41 หมู่ 4 ซอยเทศบาล 1/1 ถนนเทศบาล 1 ตำบลธรรมศาลา \r\n', 8, 1, 'เมือง', 'นครปฐม', '73000'),
(153, 'ยูนิตี้ ไอที ซิสเต็ม จำกัด  สาขาบิ๊กซีนครปฐม', '354 ถนนเพชรเกษม ตำบลห้วยจระเข้', 8, 1, 'เมือง', 'นครปฐม', '73000'),
(154, 'วิทยาลัยอาชีวศึกษานครปฐม  (งานศูนย์ข้อมูล)', '90 ถ.เทศา ต.พระปฐมเจดีย์', 8, 1, 'เมือง ', 'นครปฐม', ' 73000'),
(155, 'เทศบาลนครนครปฐม', '888 ถ.ทหารบก ต.บ่อพลับ', 8, 1, 'เมือง ', 'นครปฐม', '73000'),
(156, 'ที่ว่าการอำเภอเมืองนครปฐม', '30 ถ.เทศา ต.พระปฐมเจดีย์', 8, 1, 'เมือง', 'นครปฐม', '73000'),
(157, 'บริษัท เตซอัมพร เซลล์ แอนด์ เซอร์วิส จำกัด', '162/1-4  ถ.ราชวิถี ต.พระปฐมเจดีย์ \r\n', 8, 1, 'เมือง', 'นครปฐม', ''),
(158, 'บริษัท สหวรกิจ จำกัด', '61 ม.7 ต.บ่อพลับ', 8, 1, 'เมือง', 'นครปฐม', '73000'),
(159, 'องค์การบริหารส่วนตำบลบ่อพลับ', '100/2 ม.6 ต.บ่อพลับ', 8, 1, 'เมือง ', 'นครปฐม', ''),
(160, 'องค์การบริหารส่วนตำบลหนองอ้อ', '94 หมู่ที่ 6 ตำบลหนองอ้อ ', 8, 1, 'บ้านโป่ง', 'ราชบุรี\r\n', '70110'),
(161, 'โรงพยาบาลส่งเสริมสุขภาพตำบล บ้านสวนถั่ว', '62/2 ม.5 ต.วัดละมุด', 8, 1, 'นครชัยศรี ', 'นครปฐม', '73120'),
(162, 'ที่ทำการไปรษณีย์บางเลน', '158/1 ม.8 ต.บางเลน', 8, 1, 'บางเลน', 'นครปฐม', ''),
(163, 'โรงเรียนวัดใหม่ห้วยลึก', '130 ม.2 ต.สวนป่าน', 8, 1, 'เมือง', 'นครปฐม', ''),
(164, '7-ELEVEN ชุมชนสาขาสามควายเผือก ', 'ตำบลสามควายเผือก ', 8, 1, 'เมือง', 'นครปฐม', '73000'),
(165, 'โรงเรียนการบินกำแพงแสน', '1 ม.7 ต.กระตีบ', 8, 1, 'กำแพงแสน ', 'นครปฐม', ''),
(166, 'องค์การบริหารส่วนตำบลห้วยจระเข้', '99/1 หมู่ 3  ตำบลห้วยจรเข้', 8, 1, 'เมือง', 'นครปฐม', '73000'),
(167, 'ที่ทำการไปรษณีย์บางเลน', '158/1 หมู่ 8 ถ.บางเลนลาดหลุมแก้ว', 8, 1, 'บางเลน', 'นครปฐม', '73130'),
(168, 'วิทยาลัยอาชีวศึกษานครปฐม  (ฝ่ายวิชาการ)', '90 ถนนเทศา ตำบลพระปฐมเจดีย์ ', 8, 1, 'เมือง ', 'นครปฐม', '73000'),
(169, 'โรงเรียนวัดใหม่ห้วยลึก', '130 หมู่ 2 ตำบลสวนป่าน ', 8, 1, 'เมือง', 'นครปฐม ', '73000'),
(170, 'กองบริหารกิจการนิสิต มหาวิทยาลัยเกษตรศาสตร์  วิทยาเขตกำแพงแสน', '2 หมู่ 6 ถนนมาลัยแมน ตำบลกำแพงแสน ', 8, 1, 'กำแพงแสน', 'นครปฐม', ''),
(171, 'สถานีตำรวจภูธรภาค 7', '109 ถนนข้างวัง ตำบลนครปฐม', 8, 1, 'เมือง ', 'นครปฐม', '73000'),
(172, 'ที่ทำการไปรษณีย์สามพราน', '20/7 หมู่ 7 ถ.ทางเข้าอำเภอ ต.สามพราน', 8, 1, 'สามพราน', 'นครปฐม ', '73110\r\n'),
(173, 'บริษัท จี แอนด์ เจ คอมพิวเตอร์ จำกัด (แอดไวซ์ สาขากำแพงแสน)', '128/3 หมู่ 7 ถ.มาลัยแมน ต.ทุ่งกระพังโหม', 8, 1, 'กำแพงแสน', 'นครปฐม', '73140'),
(174, 'เทศบาลตำบลโพรงมะเดื่อ', '243 หมู่ 5 ต.โพรงมะเดื่อ', 8, 1, 'เมือง ', 'นครปฐม', '73000'),
(175, 'วิทยาลัยอาชีวศึกษานครปฐม  (ศูนย์วิทยบริการ)', '90 ถนนเทศา ตำบลพระปฐมเจดีย์', 8, 1, 'เมือง ', 'นครปฐม', '73000'),
(176, 'เทศบาลตำบลนครชัยศรี', '2 หมู่ 1 ตำบลนครชัยศรี ', 8, 1, 'นครชัยศรี', 'นครปฐม ', '73120'),
(177, 'องค์การบริหารส่วนตำบลทุ่งบัว', 'หมู่ 2 ตำบลทุ่งบัว', 8, 1, 'กำแพงแสน', 'นครปฐม', '73140'),
(178, 'สำนักงานราชบัณฑิตยสภา สนามเสือป่า', 'แขวงสวนจิตรลดา', 8, 1, 'เขตดุสิต', 'กรุงเทพมหานคร', '10300'),
(179, 'ที่ทำการไปรษณีย์บางเลน', '158/1 หมู่ 8 ตำบลบางเลน', 8, 1, 'บางเลน', 'นครปฐม', '73130'),
(180, 'เทศบาลนครนครปฐม', '888 ถ.ทหารบก ต.บ่อพลับ', 8, 1, 'เมือง ', 'นครปฐม', ' 73000'),
(181, 'บริษัท รีไล (ประเทศไทย) จำกัด', '98 หมู่ 3 ถ.ดอนตูม-นครชัยศรี  ต.ดอนแฝก', 8, 1, 'นครชัยศรี', 'นครปฐม', '73120'),
(182, 'เทศบาลตำบลลำพญา', '202 หมู่ 3 ตำบลลำพญา ', 8, 1, 'บางเลน', 'นครปฐม', '73130'),
(183, 'การไฟฟ้าส่วนภูมิภาคจังหวัดนครปฐม', '242/15 ถ.25 มกรา ต.พระปฐมเจดีย์ \r\n', 8, 1, 'เมือง', 'นครปฐม', '73000'),
(184, 'การไฟฟ้าส่วนภูมิภาคอำเภอนครชัยศรี', '9 หมู่ 1 ตำบลไทยาวาส', 8, 1, 'นครชัยศรี', 'นครปฐม', '73120\r\n'),
(185, 'องค์การบริหารส่วนตำบลดอนพุทรา', '68 หมู่ 8 ถ.ทุ่งพิชัย-หัวถนน ต.ดอนพุทรา', 8, 1, 'ดอนตูม', 'นครปฐม ', '73150'),
(186, 'เทศบาลเมืองสามควายเผือก', '115 หมู่ที่ 4 ตำบลสามควายเผือก', 9, 1, 'เมือง', 'นครปฐม ', '73000'),
(187, 'ที่ว่าการอำเภอเมืองนครปฐม', '30 ถนนเทศา ตำบลพระปฐมเจดีย์', 9, 1, 'เมือง', 'นครปฐม', '73000'),
(188, 'ธนาคารเพื่อการเกษตรและสหกรณ์การเกษตร สาขาดอนตูม', '212/2 หมู่ที่ 1 ถนนนครปฐม ตำบล สามง่าม', 9, 1, 'ดอนตูม', 'นครปฐม', '73150'),
(189, 'การประปาส่วนภูมิภาค สาขาสามพราน', '204/5 หมู่ที่ 8 ต.สามพราน ', 9, 1, 'สามพราน', 'นครปฐม', '73110'),
(190, 'องค์การบริหารส่วนตำบลถนนขาด', '59/1 หมู่ 3 ตำบลถนนขาด', 9, 1, 'เมือง', 'นครปฐม', '73000'),
(191, 'สำนักงานเทศบาลเมืองไร่ขิง', '99 หมู่ 2 ตำบลไร่ขิง', 9, 1, 'สามพราน', 'นครปฐม', '73210'),
(192, 'โรงพยาบาลส่งเสริมสุขภาพตำบลกระตีบ', '25 หมู่ 2 ตำบลกระตีบ', 9, 1, 'กำแพงแสน', 'นครปฐม', '73180'),
(193, 'องค์การบริหารส่วนตำบลรางพิกุล', '5 หมู่ 6 ต.รางพิกุล', 9, 1, 'กำแพงแสน ', 'นครปฐม', '73140'),
(194, 'การไฟฟ้าส่วนภูมิภาคจังหวัดนครปฐม', '242/15 ถนน 25มกรา ต.พระปฐมเจดีย์', 9, 1, 'เมือง', 'นครปฐม', '73000'),
(195, 'องค์การบริหารส่วนตำบลธรรมศาลา', '4/1 หมู่ 7 ตำบลธรรมศาลา', 9, 1, 'เมือง', 'นครปฐม', '73000'),
(196, 'วิทยาลัยอาชีวศึกษานครปฐม  (งานทะเบียน)', '90 ถนนเทศา ตำบลพระปฐมเจดีย์', 9, 1, 'เมือง', 'นครปฐม', '73000'),
(197, 'สถานีตำรวจภูธรนครชัยศรี', '35 หมู่ 1 ตำบลนครชัยศรี', 9, 1, 'นครชัยศรี', 'นครปฐม', '73120'),
(198, 'เทศบาลบางเลน', '1/8 หมู่ 8  ตำบลบางเลน ', 10, 1, 'บางเลน', 'นครปฐม ', '73130'),
(199, 'สำนักงานประกันสังคมจังหวัดนครปฐม', '447/1 ถนนสวนตะไคร้ ตำบลสนามจันทร์', 10, 1, 'เมือง', 'นครปฐม', '73000'),
(200, 'องค์การบริหารส่วนตำบลห้วยด้วน', '152 หมู่ 4 ตำบลห้วยด้วน ', 10, 1, 'ดอนตูม', 'นครปฐม', '73150'),
(201, 'วิทยาลัยอาชีวศึกษานครปฐม (งานพัสดุ)', '90 ถนนเทศา ตำบลพระปฐมเจดีย์', 10, 1, 'เมือง', 'นครปฐม', '73000'),
(202, 'โรงพยาบาลกรุงเทพสนามจันทร์', '1194 ถ.เพชรเกษม ตำบลสนามจันทร์', 10, 1, 'เมือง', 'นครปฐม ', '73000'),
(203, 'ตำรวจภูธรจังหวัดนครปฐม', '99/99 ถนนศูนย์ราชการ ต.ถนนขาด', 10, 1, 'เมือง', 'นครปฐม', '73000'),
(204, 'บริษัท เช้งกลการ จำกัด', '251 ถนนเพชรเกษม ตำบลธรรมศาลา', 10, 1, 'เมือง', 'นครปฐม ', '73000'),
(205, 'บริษัท ญาดานาร์ ไดร์วิ่ง จำกัด', '33/33 หมู่ 3 ตำบลธรรมศาลา', 10, 1, 'เมือง', 'นครปฐม', '73000\r\n'),
(206, 'สำนักงานเทศบาลตำบลกระจับ', '49 หมู่ที่ 9 ถ.เพชรเกษม ตำบลหนองอ้อ', 10, 1, 'บ้านโป่ง', 'ราชบุรี ', '70110'),
(207, 'บริษัท ตะนาวศรีไก่ไทย จำกัด', '102/1 หมู่ที่ 5 ตำบลถนนขาด', 10, 1, 'เมือง', 'นครปฐม', '73000'),
(208, 'ร้านปฐมมงคลคอมพิวเตอร์', '94/2 ถนนราชวิถี ตำบลพระปฐมเจดีย์', 10, 1, 'เมือง', 'นครปฐม', '73000'),
(209, 'บริษัท อาร์แอนด์ที เครื่องชั่ง จำกัด', '241 หมู่ 3 ตำบลโพรงมะเดื่อ', 10, 1, 'เมือง', 'นครปฐม', ' 73000'),
(210, 'บริษัท ทรู ทัช จำกัด', '1 อาคารซีพีทาวเวอร์ 2 (ฟอร์จูน) ชั้น 12 ถ.รัชดาภิเษก แขวงดินแดง', 10, 1, 'เขตดินแดง ', 'กรุงเทพมหานคร', '1040'),
(211, 'วิทยาลัยอาชีวศึกษานครปฐม  (สาขาแฟชั่นและสิ่งทอ)', '90 ถนนเทศา ตำบลพระปฐมเจดีย์ ', 11, 1, 'เมือง', 'นครปฐม', '73000'),
(213, 'บริษัท ทรู ทัช จำกัด	 ', '1 อาคารซีพีทาวเวอร์ 2 (ฟอร์จูน) ชั้น 12 ถ.รัชดาภิเษก แขวงดินแดง ', 12, 1, 'เขตดินแดง', 'กรุงเทพมหานคร', '10400'),
(214, 'The Pizza Company  (สาขาโลตัสนครปฐม)', '1048 ตำบลสนามจันทร์', 13, 1, 'เมือง', 'นครปฐม', '73000'),
(215, 'The Pizza Company  (ศิลปากร นครปฐม)', '51 ตำบลสนามจันทร์', 13, 1, 'เมือง', 'นครปฐม', '73000'),
(216, 'The Pizza Company  (สาขาโลตัสบางใหญ่)', '90 หมู่ที่ 5 ตำบลบางคูเวียง', 13, 1, 'บางกรวย', 'นนทบุรี ', '11130'),
(217, 'The Pizza Company  (สาขาบิ๊กซีนครปฐม)', '754 ถนนเพชรเกษม ตำบลห้วยจรเข้', 13, 1, 'เมือง', 'นครปฐม ', '73000'),
(218, 'The Pizza Company  (สาขาโลตัสท่านา)', '68/2 ถนนเพชรเกษม ตำบลบางแก้ว', 13, 1, 'นครชัยศรี', 'นครปฐม', '73120'),
(219, 'กาแฟบุญ วัดไผ่ล้อม เลขที่ 2', 'ตำบลพระปฐมเจดีย์', 13, 1, 'เมือง', 'นครปฐม', '73000'),
(220, 'ภคกรณ์เบเกอรี่', '302/9 ถ. 25 มกรา ต.บ่อพลับ ', 13, 1, 'เมือง', 'นครปฐม ', '73000'),
(221, 'แซ่บนัวครัวศาลายา', '150/40 ม.1 ตำบลศาลายา', 13, 1, 'พุทธมณฑล', 'นครปฐม ', '73170'),
(222, 'White Brick Yard', '19/31 ถนนพุทธมณฑลสาย 5 ตำบลศาลายา', 13, 1, 'พุทธมณฑล', 'นครปฐม', '73170'),
(223, 'Café Thai Style Banpong', '25/8 หมู่ที่ 19 ถ.แสงชูโต ต.ท่าผา ', 13, 1, 'บ้านโป่ง ', 'ราชบุรี', ''),
(224, 'วิทยาลัยอาชีวศึกษานครปฐม  (ร้านบานบุรีเบเกอรี่)', '90 ถนนเทศา ตำบลพระปฐมเจดีย์ ', 13, 1, 'เมือง', 'นครปฐม', '73000'),
(225, 'ร้านพร้อมอิ่มคัพ', '90 ถนนเทศา ตำบลพระปฐมเจดีย์', 13, 1, 'เมือง', 'นครปฐม', '73000'),
(226, 'สหกรณ์เครือข่ายโคเนื้อ จำกัด  (Max Beef)', '17 หมู่ 7 ตำบลสระสี่มุม', 13, 1, 'กำแพงแสน', 'นครปฐม', '73140'),
(227, 'ชาบูชาบูแซ่บ (Shabu Shabu Sab)', '127-128 หมู่ 2', 13, 1, 'กำแพงแสน ', 'นครปฐม', '73140'),
(228, 'Lemon Tree Café', '1/8 ม.7 ตำบลบางกระทึก ', 13, 1, 'สามพราน', ' นครปฐม', '73210'),
(229, 'ระหว่างทาง Coffee and bistro', '139 หมู่ 3 ตำบลดอนกระเบื้อง', 13, 1, 'บ้านโป่ง', 'ราชบุรี', '70110'),
(230, 'Pizza Hut', '3,11-12-13 ถนนแสงชูโต ตำบลบ้านโป่ง', 13, 1, 'บ้านโป่ง', 'ราชบุรี', '70110'),
(231, 'Absorbed Cafe - ดูดดื่มคาเฟ่ นครชัยศรี', '34/43 หมู่ 2 ถนนเทศบาล 1 ตำบลท่าตำหนัก', 13, 1, 'นครชัยศรี', 'นครปฐม ', '73120'),
(232, 'Marracha ชานมไข่มุก สาขานครปฐม', '164 ถนนนจันทรคาม ตำบลสนามจันทร์', 13, 1, 'เมือง', 'นครปฐม', '73000'),
(233, 'The Pizza Company   สาขาบิ๊กซีนครปฐม', '754 ถนนเพชรเกษม ตำบลห้วยจรเข้', 13, 1, 'เมือง', 'นครปฐม', '73000'),
(234, 'บริษัท เอ็มเค เรสโตรองต์ กรุ๊ป จำกัด (มหาชน) สาขาโลตัสนครปฐม', '1048 ถ.เพชรเกษม ต.สนามจันทร์ ', 13, 1, 'เมือง', 'นครปฐม', '73000\r\n'),
(235, 'โรงแรมซันมารีน่า ชะอำ 197', 'ซอยร่วมจิตร ตำบลชะอำ', 13, 1, 'ชะอำ', 'เพชรบุรี', '76120'),
(236, 'โรงแรม ลองบีช ชะอำ', '225/75 ถนนเลียบชายหาด ตำบลชะอำ', 13, 1, 'ชะอำ', 'เพชรบุรี ', '76120'),
(237, 'โรงแรมไมด้า แกรนด์ ทวารวดี นครปฐม', '711 ถ.เพชรเกษม ตำบลสนามจันทร์', 13, 1, 'เมือง', 'นครปฐม', '73000'),
(238, 'วิทยาลัยอาชีวศึกษานครปฐม  ร้านบานบุรีเบเกอรี่', '90 ถนนเทศา ตำบลพระปฐมเจดีย์', 13, 1, 'เมือง', 'นครปฐม', '73000'),
(239, 'ร้าน Oshinei (โอชิเน) นครปฐม', '554 ถนนราชมรรคา ตำบลสนามจันทร์', 13, 1, 'เมือง', 'นครปฐม ', '73000'),
(240, 'J&S Restaurant', '195 ถนนรถไฟตะวันตก ตำบลหนองปากโลง', 13, 1, 'เมือง', 'นครปฐม ', '73000'),
(241, 'ร้านดูดดื่มคาเฟ่ นครชัยศรี', '34/43 หมู่ที่ 2  ถนนเทศบาล 1ตำบล ท่าตำหนัก ', 13, 1, 'นครชัยศรี  \r\n', 'นครปฐม', '73120'),
(242, 'เค้กหนองพงนก  Banyen Bakery Coffee by Nongpongnok', '44/2 หมู่ 12, ตำบลสระสี่มุม', 13, 1, 'กำแพงแสน ', 'นครปฐม', ' 73140'),
(244, 'โรงแรมเดอะรีเจ้นท์ ชะอำ บีช รีสอร์ท   ', '  849/21 ถ.เพรชเกษม ต.ชะอำ', 4, 2, 'ชะอำ', 'เพรชบุรี ', '76120'),
(245, 'โรงแรม โนโวเทล แบงคอก บางนา', '333 ถ.ศรีนครินทร์ แขวงหนองบอน \r\n', 4, 2, 'เขตประเวศ ', 'กรุงเทพฯ', '10250'),
(246, 'บริษัท ถาวร คันทรี่คลับ แอนด์รีสอร์ท จำกัด', '50/16 หมู่ที่ 9 ตำบลโป่ง', 4, 2, 'อำเภอบางละมุง', 'ชลบุรี', '20150'),
(247, 'Memory House Cafe', ' สามพราน 49', 4, 2, 'สามพราน', 'นครปฐม', '73110'),
(248, 'บริษัท เอสแอลอาร์ที จำกัด  (Sizzler สาขาเดอะมอล์บางแค)	', '88 อาคารเดอะปาร์ค ชั้น 11 ถนนรัชดาภิเษก แขวงคลองเตย', 4, 2, 'เขตคลองเตย', 'กรุงเทพมหานคร', '10110'),
(249, 'บริษัท เอสแอลอาร์ที จำกัด  (Sizzler สาขาซีคอนบางแค)', '88 อาคารเดอะปาร์ค ชั้น 11 ถนนรัชดาภิเษก แขวงคลองเตย', 4, 2, 'เขตคลองเตย', 'กรุงเทพมหานคร', '10110'),
(250, 'บริษัท เอสแอลอาร์ที จำกัด  (Sizzler สาขาปิ่นเกล้า)', '88 อาคารเดอะปาร์ค ชั้น 11 ถนนรัชดาภิเษก แขวงคลองเตย', 4, 2, 'เขตคลองเตย', 'กรุงเทพมหานคร', '10110'),
(251, 'บริษัท เอสแอลอาร์ที จำกัด (Sizzler สาขาเซ็นทรัลเวิลดิ์)	', '88 อาคารเดอะปาร์ค ชั้น 11 ถนนรัชดาภิเษก แขวงคลองเตย ', 4, 2, 'เขตคลองเตย ', 'กรุงเทพมหานคร', '10110'),
(252, 'บริษัท เดอะไมเนอร์ ฟู้ด กรุ๊ป จำกัด (มหาชน) (The Pizza อ้อมใหญ่)	', '88 อาคารเดอะปาร์ค ชั้น 12 ถนนรัชดาภิเษก แขวงคลองเตย', 4, 2, 'เขตคลองเตย', 'กรุงเทพมหานคร', '10110'),
(253, 'Riva Floating Cafe', '29 ม.3 ถ.พุทธมณฑลสาย7 ต.หอมเกร็ด', 4, 2, 'สามพราน', 'นครปฐม', '73110'),
(254, 'ร้าน O Two Kaffee & Bistro', '16 ต.ไร่ขิง', 4, 2, 'สามพราน', 'นครปฐม', '73210'),
(255, 'ร้าน Salmon 59', '25/1 ถ.จันทรคามพิทักษ์ ต.สนามจันทร์', 4, 2, 'เมือง', 'นครปฐม', ''),
(256, 'โรงแรม HOP INN', '554 ถ.ราชมรรคา ต.สนามจันทร์', 4, 2, 'เมือง', 'นครปฐม', '73000'),
(257, 'บริษัท โบชิ (ไทยแลนด์) จำกัด', '128 หมู่ที่ 3 ตำบลหนองเพรางาย', 9, 2, 'ไทรน้อย', 'นนทบุรี', ''),
(258, 'บริษัท ดูโฮม จำกัด (มหาชน)  สาขาพระราม 2', '88/8 หมู่ 2 ต.ชัยมงคล', 9, 2, 'เมือง ', 'สมุทรสาคร', '74000'),
(259, 'บริษัท ทรู ทัช จำกัด 1 อาคารซีพีทาวเวอร์ 2 (ฟอร์จูน) ', 'ชั้น 12 ถ.รัชดาภิเษก แขวงดินแดง ', 9, 2, 'เขตดินแดง', 'กรุงเทพมหานคร', '10400'),
(260, 'หจก. พีเอ็นพี แอ็ดวานซ์ เอ็นจิเนียริ่ง', '74-76 ถนนหลังพระ ตำบลพระปฐมเจดีย์ ', 10, 2, 'เมือง', 'นครปฐม', '73000'),
(261, 'FAMILY ขนส่ง (สาขาบางเลน)', '33/2 หมู่ 7 ตำบลบางเลน ', 10, 2, 'บางเลน', 'นครปฐม', '73130'),
(262, 'บริษัท โปร พาวเวอร์ เทค จำกัด', '384/264 หมู่ 2 ตำบลบางเขน', 10, 2, 'เมือง', 'นนทบุรี', '11000'),
(263, 'โรงเรียนช่างคอมพิวเตอร์นครปฐม', '28/9 ถนนยิงเป้า ตำบลพระปฐมเจดีย์', 10, 2, 'เมือง', 'นครปฐม', '73000'),
(264, 'บริษัท ทรู ทัช จำกัด', '1 อาคารซีพีทาวเวอร์ 2 (ฟอร์จูน) ชั้น 12 ถ.รัชดาภิเษก แขวงดินแดง ', 10, 2, 'เขตดินแดง ', 'กรุงเทพมหานคร', '10400'),
(265, 'บริษัท ยูนิตี้ ไอที ซิสเต็ม จํากัด', '754 ถ. เพชรเกษม ตำบลห้วยจรเข้', 10, 2, 'เมือง', 'นครปฐม', '73000'),
(266, 'ศูนย์กระจายสินค้ามหาชัย  บริษัท ซีพีออลล์ จำกัด (มหาชน)	', 'ตำบลบางไทวัด', 12, 2, 'เมือง', 'สมุทรสาคร\r\n', ''),
(267, 'บริษัท ทรู ทัช จำกัด	', '1 อาคารซีพีทาวเวอร์ 2 (ฟอร์จูน) ชั้น 12 ถ.รัชดาภิเษก แขวงดินแดง \r\n', 12, 2, 'เขตดินแดง', 'กรุงเทพมหานคร', '10400');

-- --------------------------------------------------------

--
-- Table structure for table `faculty`
--

CREATE TABLE `faculty` (
  `faculty_ID` int(11) NOT NULL,
  `Faculty_NAME` text NOT NULL
) ENGINE=InnoDB DEFAULT CHARSET=utf8 COLLATE=utf8_general_ci;

--
-- Dumping data for table `faculty`
--

INSERT INTO `faculty` (`faculty_ID`, `Faculty_NAME`) VALUES
(1, 'การจัดการสำนักงาน'),
(2, 'การตลาด'),
(3, 'การบัญชี'),
(4, 'การโรงแรม'),
(5, 'การออกแบบ'),
(6, 'คหกรรมศาสตร์'),
(7, 'คอมพิวเตอร์กราฟิก'),
(8, 'คอมพิวเตอร์ธุรกิจ'),
(9, 'เทคโนโลยีธุรกิจดิจิทัล'),
(10, 'เทคโนโลยีสารสนเทศ'),
(11, 'แฟชั้นและสิ่งทอ'),
(12, 'โลจิสติกส์'),
(13, 'อาหารและโภชนาการ');

-- --------------------------------------------------------

--
-- Table structure for table `tb_position`
--

CREATE TABLE `tb_position` (
  `ID_position` int(11) NOT NULL,
  `name_position` text NOT NULL
) ENGINE=InnoDB DEFAULT CHARSET=utf8 COLLATE=utf8_general_ci;

--
-- Dumping data for table `tb_position`
--

INSERT INTO `tb_position` (`ID_position`, `name_position`) VALUES
(1, 'ภาคปกติ'),
(2, 'ภาคทวิภาคี');

-- --------------------------------------------------------

--
-- Table structure for table `user`
--

CREATE TABLE `user` (
  `IDuser` int(11) NOT NULL,
  `Name_user` varchar(45) NOT NULL,
  `Password_user` varchar(200) NOT NULL,
  `First_name` text NOT NULL,
  `Last_name` text NOT NULL,
  `Level_user` varchar(1) NOT NULL
) ENGINE=InnoDB DEFAULT CHARSET=utf8 COLLATE=utf8_general_ci;

--
-- Dumping data for table `user`
--

INSERT INTO `user` (`IDuser`, `Name_user`, `Password_user`, `First_name`, `Last_name`, `Level_user`) VALUES
(1, 'admin', '81dc9bdb52d04dc20036dbd8313ed055', 'Phanuwat', 'Torsrisakul', 'a'),
(2, 'admin2', '81dc9bdb52d04dc20036dbd8313ed055', 'Cuteman', 'underwater', 'm');

--
-- Indexes for dumped tables
--

--
-- Indexes for table `company_table`
--
ALTER TABLE `company_table`
  ADD PRIMARY KEY (`company_ID`),
  ADD KEY `FK_faculty_company_idx` (`faculty_ID`),
  ADD KEY `FK_district_company_idx1` (`district`),
  ADD KEY `FK_tb_position_company_table_idx` (`ref_position`);

--
-- Indexes for table `faculty`
--
ALTER TABLE `faculty`
  ADD PRIMARY KEY (`faculty_ID`);

--
-- Indexes for table `tb_position`
--
ALTER TABLE `tb_position`
  ADD PRIMARY KEY (`ID_position`);

--
-- Indexes for table `user`
--
ALTER TABLE `user`
  ADD PRIMARY KEY (`IDuser`);

--
-- AUTO_INCREMENT for dumped tables
--

--
-- AUTO_INCREMENT for table `company_table`
--
ALTER TABLE `company_table`
  MODIFY `company_ID` int(10) UNSIGNED NOT NULL AUTO_INCREMENT, AUTO_INCREMENT=272;

--
-- AUTO_INCREMENT for table `faculty`
--
ALTER TABLE `faculty`
  MODIFY `faculty_ID` int(11) NOT NULL AUTO_INCREMENT, AUTO_INCREMENT=14;

--
-- AUTO_INCREMENT for table `tb_position`
--
ALTER TABLE `tb_position`
  MODIFY `ID_position` int(11) NOT NULL AUTO_INCREMENT, AUTO_INCREMENT=3;

--
-- AUTO_INCREMENT for table `user`
--
ALTER TABLE `user`
  MODIFY `IDuser` int(11) NOT NULL AUTO_INCREMENT, AUTO_INCREMENT=3;
COMMIT;

/*!40101 SET CHARACTER_SET_CLIENT=@OLD_CHARACTER_SET_CLIENT */;
/*!40101 SET CHARACTER_SET_RESULTS=@OLD_CHARACTER_SET_RESULTS */;
/*!40101 SET COLLATION_CONNECTION=@OLD_COLLATION_CONNECTION */;
